group,value
control,54.96714153011233
control,48.61735698828815
control,56.47688538100692
control,65.23029856408026
control,47.658466252766644
control,47.6586304305082
control,65.79212815507391
control,57.67434729152909
control,45.30525614065048
control,55.42560043585965
control,45.365823071875376
control,45.34270246429743
control,52.41962271566034
control,30.86719755342202
control,32.75082167486967
control,44.37712470759027
control,39.87168879665576
control,53.142473325952736
control,40.91975924478789
control,35.87696298664709
control,64.65648768921554
control,47.74223699513465
control,50.67528204687924
control,35.75251813786544
control,44.556172754748175
control,51.10922589709866
control,38.490064225776976
control,53.75698018345672
control,43.99361310081195
control,47.083062502067236
control,43.98293387770603
control,68.52278184508938
control,49.86502775262066
control,39.422890710440996
control,58.225449121031886
control,37.791563500289776
control,52.08863595004755
control,30.403298761202244
control,36.71813951101569
control,51.96861235869123
control,57.38466579995411
control,51.7136828118997
control,48.843517176117594
control,46.98896304410711
control,35.214780096325725
control,42.801557916052914
control,45.393612290402125
control,60.57122226218915
control,53.43618289568462
control,32.36959844637266
control,53.24083969394795
control,46.149177195836835
control,43.23077999694041
control,56.11676288840868
control,60.30999522495951
control,59.31280119116199
control,41.607824767773614
control,46.907876241487855
control,53.31263431403564
control,59.75545127122359
control,45.2082576215471
control,48.14341023336183
control,38.93665025993972
control,38.037933759193294
control,58.125258223941984
control,63.56240028570823
control,49.27989878419666
control,60.03532897892024
control,53.61636025047634
control,43.54880245394876
control,53.61395605508414
control,65.38036566465969
control,49.64173960890049
control,65.64643655814007
control,23.802548959102555
control,58.21902504375224
control,50.870470682381715
control,47.009926495341325
control,50.91760776535502
control,30.124310853991073
control,47.80328112162488
control,53.57112571511746
control,64.77894044741517
control,44.81729781726352
control,41.91506397106812
control,44.982429564154636
control,59.15402117702074
control,53.287511096596845
control,44.70239796232961
control,55.13267433113356
control,50.9707754934804
control,59.68644990532889
control,42.979469061226474
control,46.723378534022316
control,46.078918468678424
control,35.364850518678814
control,52.96120277064576
control,52.610552721798896
control,50.05113456642461
control,47.65412866624853
control,35.84629257949586
control,45.79354677234641
control,46.572854834732304
control,41.97722730778381
control,48.387142883339905
control,54.040508568145384
control,68.8618590121053
control,51.74577812831839
control,52.57550390722764
control,49.25554084233833
control,30.812287847009586
control,49.73486124550783
control,50.60230209941027
control,74.63242112485287
control,48.076390352188774
control,53.015473423336125
control,49.65288230294757
control,38.31321962380468
control,61.42822814515021
control,57.519330326867745
control,57.910319470430466
control,40.906125452052606
control,64.02794310936099
control,35.98148937207719
control,55.868570938002705
control,71.90455625809979
control,40.09463674869312
control,44.33702270397228
control,50.99651365087641
control,44.96524345883801
control,34.493365689338674
control,50.68562974806027
control,39.37696286273895
control,54.73592430635182
control,40.80575765766197
control,65.4993440501754
control,42.16746707663763
control,46.77938483794324
control,58.135172173696695
control,37.69135683566045
control,52.27459934604129
control,63.07142754282428
control,33.92516765438772
control,51.84633858532304
control,52.598827942484235
control,57.8182287177731
control,37.63049289121918
control,36.795433869157236
control,55.21941565616898
control,52.96984673233186
control,52.504928503458764
control,53.46448209496975
control,43.19975278421509
control,52.322536971610035
control,52.93072473298681
control,42.85648581973632
control,68.65774511144757
control,54.73832920911788
control,38.08696502797351
control,56.5655360863383
control,40.253183297726785
control,57.87084603742452
control,61.58595579007404
control,41.7931768164829
control,59.63376129244322
control,54.12780926936498
control,58.2206015999449
control,68.96792982653947
control,47.54611883997129
control,42.4626383564251
control,41.10485570374477
control,41.841897150345616
control,49.228982905858956
control,53.41151974816644
control,52.766907993300194
control,58.27183249036024
control,50.13001891877907
control,64.53534077157317
control,47.35343166762044
control,77.20169166589619
control,56.25667347765006
control,41.42842443583717
control,39.29107501938888
control,54.824724152431855
control,47.76537214674149
control,57.14000494092092
control,54.73237624573545
control,49.271710873431275
control,41.532062819315954
control,34.851527753141355
control,45.53485047932979
control,58.56398794323472
control,52.14093744130204
control,37.542612212880115
control,51.73180925851182
control,53.85317379728837
control,41.16142563798867
control,51.53725105945528
control,50.58208718446
control,38.57029702169377
control,53.577873603482836
control,55.60784526368234
control,60.830512431752766
control,60.53802052034903
control,36.22330632042909
control,40.62174960084877
control,55.1503526720866
control,55.13785950912209
control,55.150476863060476
control,88.52731490654722
control,55.70890510693167
control,61.35565640180599
control,59.54001763493203
control,56.51391251305798
control,46.84730755359654
control,57.589692204932675
control,42.27174785462428
control,47.63181393259991
control,45.14636452170897
control,50.81874139386323
control,73.14658566673509
control,31.32734807408252
control,56.86260190374514
control,33.87284128810349
control,45.280681342105666
control,60.889505969673664
control,50.64280019095463
control,39.22255222070694
control,42.84696290740032
control,56.79597748934676
control,42.69633368282864
control,52.16458589581975
control,50.45571839903814
control,43.483996523941826
control,71.43944089325325
control,56.33919022318011
control,29.74857413342393
control,51.86454314769428
control,43.38213535231612
control,58.52433334796224
control,42.07479261567299
control,48.85263558533101
control,55.049872789804574
control,58.657551941701215
control,37.997035929442234
control,46.654987641590516
control,45.25054688839044
control,43.46670767426288
control,67.65454240281096
control,54.049817109609556
control,37.391160456649544
control,59.17861947054776
control,71.22156197012633
control,60.32465260551147
control,34.80630034045987
control,45.15765927133749
control,62.669111491866225
control,42.92330534381219
control,54.43819428146229
control,57.74634053429337
control,40.730695284219166
control,49.404746439382
control,17.58732659930927
control,39.756123586657104
control,47.4743184860684
control,37.52216818035151
control,66.32411303931636
control,35.69858622039367
control,45.599555133030165
control,51.30740577286091
control,64.41273289066116
control,35.6413784882056
control,61.63163752154959
control,50.10233061019587
control,40.18491348952049
control,54.62103474263271
control,51.9905969557347
control,43.99783122841205
control,50.69802084990019
control,46.1468640313824
control,51.13517345251248
control,56.62130674521047
control,65.86016816145352
control,37.62184501173151
control,71.33033374656267
control,30.479122004774982
control,48.482149049644164
control,55.883172064845766
control,52.809918677350325
control,43.77300480179406
control,47.918777496427246
control,45.06999065341167
control,44.106352430557884
control,58.496020970210246
control,53.57015485965047
control,43.070904047393455
control,58.995998754332504
control,53.072995208766095
control,58.1286211883896
control,56.29628841923612
control,41.710049890779274
control,44.39818959803031
control,57.472936051232615
control,56.10370265433465
control,49.79098406035852
control,51.17327383308782
control,62.77664895788425
control,44.0842861116417
control,55.470973811700375
control,47.97807347566106
control,47.8231879677278
control,60.9877685198719
control,58.2541634898803
control,58.135096360006386
control,63.05478807154329
control,50.21003841632759
control,56.81952971294964
control,46.89733243406544
control,53.24166352488442
control,48.698569456323156
control,50.96995964992718
control,55.95157025436914
control,41.81779316766527
control,70.9238727568546
control,39.93982618500298
control,37.85811387212268
control,61.581108735000676
control,57.91662693962936
control,56.24119817052155
control,56.2834550926428
control,49.87753227153085
control,41.02745628514168
control,50.75804558193726
control,43.22838288487888
control,59.75119733417751
control,48.52942618497861
control,41.745028032074885
control,46.78614158347007
control,54.12931454275624
control,44.36275447196025
control,41.77779604433569
control,52.436872114919126
control,52.44966571108723
control,44.9305682462887
control,45.289616943816775
control,52.32049937357636
control,35.51915658502676
control,35.92536225623445
control,42.81555778747564
control,47.86552848288153
control,53.10907565598005
control,64.75356216949552
control,58.576596232020194
control,48.40061470036573
control,49.80983792097311
control,39.97470635362191
control,49.8148686400761
control,47.11341361079862
control,53.227185603380896
control,41.727690564476774
control,55.193465142411725
control,65.32738913002578
control,48.91239851543143
control,54.01711722098941
control,56.90143991711113
control,45.987795281141636
control,52.24092481810417
control,50.12592400781795
control,50.97676098548832
control,42.26990216144534
control,50.245101742589426
control,54.979982912454496
control,64.51143607795042
control,59.59270826085207
control,71.53182457511556
control,42.326524371119504
control,58.723206367206785
control,51.83342005738352
control,71.89802933217672
control,41.91701714644849
control,41.602781578192236
control,44.00607354555978
control,28.76104275690193
control,44.74244978319239
control,42.40867338446302
control,51.50393786476208
control,53.41755975777159
control,68.76170839215887
control,59.5042383818605
control,44.23096344337597
control,41.01585328651642
control,54.919191715065054
control,36.797667929793576
control,68.31458765854353
control,61.79440120721287
control,45.30824347895295
control,32.868654709091224
control,63.538723741654124
control,48.85460154747382
control,62.378163119734616
control,34.05572341205633
control,44.00624977046227
control,50.05243699718183
control,50.46980593764742
control,45.49934528520756
control,56.228499323474985
control,39.32379570617405
control,48.576205149787064
control,51.20295631711899
control,55.14438834058749
control,57.1161487808889
control,38.75357908162131
control,34.65885829264378
control,62.77676821898509
control,53.323140119795916
control,42.51513463443446
control,65.51151975522524
control,51.156746342928585
control,61.792971840638266
control,50.67518481410109
control,70.60747924881987
control,67.55340842443204
control,47.51035851520926
control,59.71570950954356
control,56.45375949585147
control,63.68631557532349
control,40.35076539419896
control,56.86051459998439
control,60.58424486849588
control,32.41260513576886
control,38.16741487334225
control,29.607678222398995
control,47.305931655554424
control,57.17542255795962
control,65.02357052096028
control,50.74094780419775
control,66.28615545571292
control,36.198985417851084
control,32.96617560644845
control,49.44452301103381
control,53.840654489393074
control,49.67305251905907
control,29.325578999601234
control,49.10879960487212
control,36.95530499495147
control,56.69672548830039
control,53.66598246096848
control,40.60120213672645
control,44.861330826633065
control,39.40786478111048
control,49.37320902726828
control,59.551423205012384
control,40.14273953664456
control,55.040465155178445
control,44.69742381627559
control,42.07127167737656
control,48.929696400454425
control,39.64757677580626
control,44.46350694652818
control,38.021221074111516
control,69.6472513291639
control,50.35263551971729
control,43.00274492007414
control,52.13979910734222
control,48.8767195030917
control,47.79030400466777
control,56.14166700043425
control,57.57507710047305
control,44.69498852389472
control,44.2418175935532
control,47.24948302848356
control,26.98078835264415
control,34.84808937801448
control,63.66874267444525
control,66.44967713501283
control,47.50963960443622
control,55.765569630557664
control,53.112501545435364
control,80.78880808455239
control,61.195749114345766
control,48.72082408519233
control,40.44459559399574
control,33.93553679742428
control,52.03463635867223
control,42.436492547156966
control,35.77746290402326
control,43.534271157574736
control,39.18451996385605
control,66.87141635072564
control,58.816397569494505
control,49.92027358683383
control,64.79944138890026
control,50.77368307647618
control,41.38715798671736
control,65.23124077269657
control,55.38910043684659
control,39.62753845673544
control,48.09661321916392
control,41.24381746615243
control,36.172002690356635
control,59.26177547531641
control,69.0941664047013
control,36.01432426180859
control,55.62969236690571
control,43.49357430878173
control,45.12874616235304
control,44.07606075761131
control,41.36009230320184
control,50.48521627944827
control,41.69049883588962
control,52.704568257798385
control,49.49761890550863
control,47.6105195313359
control,40.92436337958402
control,44.23228669431667
control,57.55391225825756
control,55.009171876243805
control,40.22444755201449
control,50.99332305429226
control,57.51387123371789
control,33.305947188786284
control,55.43360192379935
control,43.37376241054153
control,55.70598668593159
control,42.367408434574834
control,31.95117899335481
control,33.72457562116837
control,50.48084946661382
control,52.59722501721482
control,40.956833748955916
control,56.38592458777374
control,33.3847993773104
control,49.33920201352684
control,37.889838002375434
control,43.48163892197841
control,50.47398671316414
control,41.39586634716048
control,46.154444557701744
control,60.0629280921444
control,44.23108130476851
control,58.35692112065142
control,38.702931453423815
control,55.298041779152825
control,64.41568620657901
control,25.283554998727105
control,42.03104744529523
control,55.7707212718054
control,47.96954613957007
control,53.71145873371309
control,43.960148132841795
control,50.865897874729
control,48.44322764607921
control,61.67782061659807
control,52.54420843301213
control,53.37602662075202
control,45.881230338775325
control,45.123937759275066
control,45.67441812180379
control,53.944521423782966
control,45.79015519179737
control,52.89774856896413
control,70.75400798645438
control,58.711247034316926
control,46.73976467832159
control,62.012139221639444
control,45.91924626978449
control,29.61875464822146
control,39.91913689082596
control,31.292080789741444
control,46.48486515958692
control,50.184183791895514
control,66.76437312275283
control,53.269273737641626
control,47.80899471191136
control,58.294055811834895
control,27.88864690992115
control,52.356145581085656
control,57.708651938869664
control,35.214137542201584
control,61.43754043206929
control,53.38496407494414
control,45.847120860991986
control,56.32781866106285
control,72.70692857804396
control,51.81866255058495
control,52.48220586300336
control,45.40639100459756
control,41.50155630535208
control,58.303358165442454
control,41.43916174091133
control,50.715662372193925
control,45.223425532348834
control,54.78979825746392
control,53.33662105286948
control,60.375399442578995
control,44.89983601145253
control,47.30125064706629
control,40.21236284217693
control,45.55706739923888
control,53.77300493044852
control,57.56988616645352
control,40.77834675822375
control,58.6960592010566
control,63.55637858804951
control,54.13434903223701
control,68.76795812558066
control,42.26210800896427
control,37.55345296688583
control,32.212797510957216
control,64.96044311489183
control,56.54365656354058
control,49.44415329089545
control,52.799686263198204
control,38.74510952701623
control,74.45751979616827
control,51.292211819752275
control,51.09394794604893
control,57.25766623898692
control,54.810092317367136
control,52.23884024279131
control,42.09525544554688
control,54.714683571359956
control,68.82024496475034
control,63.454200461549775
control,65.93186626639397
control,44.88784323568815
control,40.10395179741419
control,48.74213079900352
control,50.557249122886944
control,60.94191518470949
control,33.07535370285181
control,65.29550319460614
control,48.419921014210104
control,45.7311893005258
control,39.87895624739832
control,33.451433281342304
control,58.231705839619146
control,50.73317967188404
control,37.10039100258946
control,37.04921227936384
control,46.64215300709872
control,66.69021525289392
control,47.40408648636395
control,34.96857046881894
control,47.54256935914056
control,47.27276430252329
control,23.031133570584284
control,49.45705133482188
control,47.69065469791322
control,56.96206364813418
control,68.48956094945345
control,61.26565029547757
control,47.31111309445169
control,38.934740912583294
control,75.7335980324986
control,50.59218434014488
control,50.13929291912946
control,49.758749128899964
control,51.98084760767855
control,48.556395880760576
control,44.26337993119763
control,44.53141058759608
control,49.672467297840015
control,44.56575228866235
control,42.871542173228356
control,51.064302276918966
control,47.450227825791444
control,65.0399298858269
control,23.490301916069882
control,60.91506851922462
control,62.46085192497629
control,29.266097675918505
control,46.573124059196516
control,46.28559134004209
control,35.924883052821784
control,42.22183312409125
control,38.894241545341714
control,67.52270443423623
control,59.35678393147461
control,62.71555094994159
control,57.21672064043235
control,38.70948228782771
control,44.75479733720226
control,54.89374561227918
control,37.778721911080545
control,57.12998430172388
control,47.59674601841865
control,46.251791924504026
control,57.10959968203491
control,54.4426331148604
control,46.3903383418092
control,61.59329803364248
control,39.189366724001026
control,56.15935606944264
control,55.93101257968384
control,46.904535606860094
control,53.26133022242118
control,37.488864236146966
control,59.24027019206901
control,48.15097863557011
control,44.772769794809605
control,60.49009225836889
control,42.95656309457241
control,35.91538703636441
control,34.433708264760966
control,56.06009951345639
control,37.19570647503717
control,67.54794181984364
control,29.18070592116278
control,66.96456368290038
control,52.11017467202618
control,49.032868881296075
control,44.550809131910505
control,53.991361143520706
control,49.62365297575152
control,61.03301882016521
control,51.142276486620396
control,51.50301761461878
control,46.36387787786144
control,49.43054376278933
control,53.07801768892059
control,32.89831607343375
control,36.518145778942866
control,57.43264094022715
control,51.708654381279416
control,48.16016663647321
control,50.184339330653934
control,53.47581705361671
control,44.60240319690639
control,42.216952745976876
control,51.958452550976816
control,40.21627222384968
control,54.082527557144715
control,32.9741639576216
control,60.29155637325644
control,54.72597482413043
control,52.56029734313876
control,59.82690983945514
control,66.65474444462576
control,60.1437006501813
control,31.591257686683548
control,37.204230332642986
control,43.75181422304321
control,50.26091050210834
control,55.17659020469123
control,42.742561868465344
control,51.86766764477078
control,42.44617067646678
control,43.884821970080516
control,35.93338903151778
control,40.76766753889096
control,36.48315394383666
control,40.241267470226674
control,60.536417966078396
control,40.50601111168057
control,76.32382064837391
control,54.93317900880889
control,51.84836123694874
control,41.41642219818787
control,57.003098794089915
control,44.24362173762226
control,51.220098146453616
control,75.60084538268795
control,49.0394010027535
control,61.49273326285676
control,42.96823574874112
control,49.65011509503038
control,67.7080063563551
control,43.730329422122324
control,68.12448557996929
control,57.07751935455475
control,44.37533224105732
control,56.32407739055521
control,59.7255444962673
control,56.21809962217196
control,34.297752801095434
control,42.728628241751316
control,47.52481364448495
control,49.25566570899954
control,56.206720975506784
control,51.777010009332535
control,36.64655641289899
control,53.801978510059634
control,56.10585745283823
control,55.5979044793104
control,60.807807255546216
control,58.33922154548904
control,54.59180079228437
control,49.29834288541353
control,33.39039066484008
control,54.296182191325855
control,52.076876871631114
control,52.715788371953735
control,37.232514241796906
control,39.189434595917376
control,60.53152853332904
control,49.60444846143345
control,56.81500697372624
control,50.28318376130461
control,50.297561394957455
control,59.382838059759976
control,44.83955271782626
control,50.96120776940983
control,45.377247112949576
control,45.65503772567684
control,46.908278765313604
control,52.22133771633713
control,45.212513783365225
control,62.55756125573521
control,41.05392697780496
control,48.13128355838641
control,45.60268941725825
control,64.46977884353733
control,51.965547765115744
control,60.31844539468635
control,35.14439626963028
control,52.67050265869259
control,58.89630795623437
control,50.82283989275424
control,60.654803750653514
control,44.82711549899628
control,64.0934744018558
control,72.9889812361925
control,46.37161439560341
control,45.54497478599228
control,64.533844771177
control,65.79572145730712
control,44.771399728467316
control,45.798131829041424
control,47.18215391139493
control,36.555494889657226
control,40.81348053515802
control,39.95859233247932
control,42.32202434895871
control,49.65315112613219
control,52.342147325365204
control,65.50500492814076
control,40.016459592612094
control,59.843223984765835
control,47.86011155774491
control,49.50536290347567
control,56.74819492166604
control,38.772779784377015
control,53.82409746184051
control,51.66452208213056
control,54.92451264008149
control,52.89168643907818
control,74.55300139910895
control,43.62260015748684
control,44.690030449981826
control,43.76859473575236
control,44.44522880839745
control,43.62612872693482
control,61.89016531107552
control,64.20504247989855
control,44.29253706250524
control,41.67644426895771
control,54.71415556386404
control,44.477769557190285
control,56.32931817755511
control,52.029230208513
control,34.84255885002768
control,65.47505201330061
control,67.95877673095522
control,43.87211309515614
control,46.122984400640156
control,52.85865390724905
control,53.34456789987025
control,56.5854427267283
control,70.1020453876635
control,48.2305277250595
control,42.01702755461546
control,36.20680771985473
control,42.69069960058081
control,49.66873027126203
control,67.94557863517788
control,44.823887009638284
control,52.237879516388986
control,49.83577103927248
control,61.88393273448084
control,75.26932425873622
control,44.69131227079679
control,45.10560557481778
control,60.44160877069072
control,56.81891489626312
control,68.46707325736034
control,55.839281853259635
control,46.40707909212941
control,55.90654830692309
control,61.087035805829075
control,58.204821811973645
control,55.07274031107298
control,60.666746895891535
control,61.692955904456724
control,63.82158991037527
control,56.48709887589643
control,48.328819196831454
control,51.46713686433323
control,62.06508966508357
control,41.83064329012764
control,53.686733088729014
control,46.06661187672639
control,50.28744822934817
control,62.78451862607299
control,51.910990680199035
control,50.46436548156149
control,36.40143859020081
control,57.46253566027221
control,56.45484181141075
control,71.6325472330546
control,46.92221765046999
control,52.19150327663939
control,52.49383683710755
control,65.77453279763475
control,49.047044676130476
control,52.790215257703395
control,56.078965097165394
control,51.86609123156358
control,45.535663854494715
control,51.94089992898308
control,60.73631749859772
control,39.7348470058894
control,51.32969674146876
control,42.99879185060827
control,61.950466289248425
control,34.76813095216225
control,44.410781527284115
control,53.772118750645205
control,65.65524029234341
control,49.34249738927012
control,44.44800473306802
control,68.8115706944059
control,35.51986099583756
control,28.011940433799182
control,54.40014450053332
control,44.97945775647389
control,39.787671828692865
control,57.08356447299353
control,52.43800713771199
control,44.359213692632714
control,37.19695601329106
control,58.724573282801444
control,56.50201177958661
control,49.00824136220617
control,68.46636996047665
control,39.29915233673847
control,34.74474829075261
control,43.080919301187556
control,49.54413983644502
control,52.43339449322692
control,47.5876394214367
control,53.520553965142966
control,37.48460575809556
control,64.4376460407326
control,49.178488216074314
control,61.172958315881274
control,53.42725346377704
control,54.567532191537836
control,55.69767280232204
control,54.47708560017315
control,56.42722759867544
control,63.29152530132431
control,51.9652116970147
control,57.09003757588512
control,49.102643057127736
control,64.40117215449473
control,43.2360769794073
control,68.00940432910815
control,49.59842049355657
control,35.69224897881952
control,51.28104414910789
control,43.18948342525119
control,58.406435489887244
control,43.47376020697609
control,45.538165667852205
control,31.104592690544692
control,45.47693680750923
control,25.761206733710434
control,34.16097176514277
control,57.604146561442974
control,57.85800158650832
control,54.254575617849646
control,40.33023856870787
control,49.5228864385802
control,49.963974609094315
control,38.416353108074574
control,65.0339830176715
control,58.77362290575671
control,47.79035826170336
control,50.26885838994531
control,52.08382807947552
control,29.582651315757094
control,47.52822617479403
control,43.180157520022014
control,39.983799901050844
control,47.18899707114045
control,67.97686526849523
control,56.4084286126701
control,44.28821010217203
control,55.72582781356159
treatment,68.99355436586002
treatment,64.24633682912769
treatment,55.59630369920174
treatment,48.53063222294426
treatment,61.982233136135896
treatment,58.934853854217494
treatment,63.95193220027733
treatment,61.351718016819696
treatment,65.49552715319335
treatment,49.64764788439432
treatment,68.17394065634326
treatment,56.975996046923996
treatment,75.75260872625265
treatment,48.10812181910432
treatment,72.3596380316525
treatment,56.979107834626475
treatment,48.48581996385552
treatment,50.16114165945678
treatment,51.7965269180568
treatment,59.241659464019165
treatment,60.228354880355
treatment,49.26299996061421
treatment,54.756454077390174
treatment,76.42270358611864
treatment,72.27543170100711
treatment,59.36323669674032
treatment,55.380034781682
treatment,56.200313267182615
treatment,61.13517972730416
treatment,44.77207434801595
treatment,52.42623462576655
treatment,38.314159261224106
treatment,58.992231226052795
treatment,61.47195939702741
treatment,50.16813537700626
treatment,70.73986763290033
treatment,42.74234336997659
treatment,40.3562511979018
treatment,57.24451818559972
treatment,65.47098302612154
treatment,71.83927691457869
treatment,50.4111573713106
treatment,65.78680833431295
treatment,54.61491530499293
treatment,53.273727000591805
treatment,63.83659937486672
treatment,61.5232287841342
treatment,39.236078430157505
treatment,69.76540349725896
treatment,68.80091354147451
treatment,48.74437298490471
treatment,58.95803533437409
treatment,59.94030186282739
treatment,57.60673765823907
treatment,49.4969484615458
treatment,48.283766320619485
treatment,54.744459290085544
treatment,66.72729019259364
treatment,60.43600154594432
treatment,51.29385667913894
treatment,62.716987106483444
treatment,26.514573793699245
treatment,66.48765700372104
treatment,37.60286221221901
treatment,51.37559058596868
treatment,43.803301053738565
treatment,42.053185242790946
treatment,66.6082678737852
treatment,50.32298798688109
treatment,58.46503881730716
treatment,54.53079421120816
treatment,59.770408272231215
treatment,55.768218910602556
treatment,42.1700777581143
treatment,64.9626681944714
treatment,50.06243416838687
treatment,39.434181013402494
treatment,50.718848390340874
treatment,70.00759790634311
treatment,63.50221742113493
treatment,51.51347865592141
treatment,51.50742295681571
treatment,51.783649487826175
treatment,75.76747983560841
treatment,58.819354522315535
treatment,59.300416471910694
treatment,65.30283454031843
treatment,57.387891590265134
treatment,52.40957854179297
treatment,53.03650150915022
treatment,54.283987405859364
treatment,54.627777634901584
treatment,62.2762954363698
treatment,55.519458858072994
treatment,62.32640077215579
treatment,54.19283419891418
treatment,55.786351903160906
treatment,35.01799315467892
treatment,64.16327674702481
treatment,58.46488475897993
treatment,64.98010109859652
treatment,26.037446218063106
treatment,75.88374704780728
treatment,53.604103718448265
treatment,66.08182816737516
treatment,44.60094072874469
treatment,61.1277390506257
treatment,44.46584436826344
treatment,48.76231039304195
treatment,74.14031353866787
treatment,53.09317599236653
treatment,57.17432873179723
treatment,63.70067730688754
treatment,59.95681887972604
treatment,56.504189051435766
treatment,58.64961002466225
treatment,79.03415585238275
treatment,54.42381202966415
treatment,57.010990467149675
treatment,65.50654396007612
treatment,66.05525932957984
treatment,66.8703030556038
treatment,61.38730222029184
treatment,43.569950872695166
treatment,71.33431532301096
treatment,43.53654606981312
treatment,58.02635465239033
treatment,47.45724149980642
treatment,54.35861653407007
treatment,58.2876241030348
treatment,58.21357215450273
treatment,59.21920754235285
treatment,71.13711269058646
treatment,59.5353430151398
treatment,52.558433647093516
treatment,64.64087168288357
treatment,66.89470488924641
treatment,42.72392184863008
treatment,60.97400069849858
treatment,62.01172742310898
treatment,52.02436496640008
treatment,68.75706813311619
treatment,53.499444129674735
treatment,56.255764534715425
treatment,53.2692817571613
treatment,55.155790475814676
treatment,44.037249131047986
treatment,40.59949117405706
treatment,70.94505063224972
treatment,46.53038651681672
treatment,45.08607650543693
treatment,33.466098863962856
treatment,48.610382523104974
treatment,41.76910206592502
treatment,71.4201516013637
treatment,65.09817089342634
treatment,48.118496548222765
treatment,77.52435805344308
treatment,64.81765486991594
treatment,51.75168616491378
treatment,30.00594285126427
treatment,77.90942572590743
treatment,41.10427533236404
treatment,38.546012530431085
treatment,65.2257043200964
treatment,79.39752406339272
treatment,68.84272818510519
treatment,60.639091200523595
treatment,60.94754341665286
treatment,63.53415558780308
treatment,62.589285897867654
treatment,57.811914239693756
treatment,56.04201103951876
treatment,54.374068721004775
treatment,47.46035411133324
treatment,52.19324923133226
treatment,38.07043185804615
treatment,54.0166037320525
treatment,45.11408892849083
treatment,43.964106827842286
treatment,56.798941511534785
treatment,68.920022863446
treatment,64.18316606002313
treatment,39.29499396376823
treatment,45.10371863429663
treatment,64.40771187988216
treatment,45.175126064616904
treatment,52.753668500029754
treatment,60.50052099024552
treatment,45.31655545136365
treatment,56.0537550614596
treatment,41.65974505081795
treatment,48.98632356048786
treatment,58.19781934142537
treatment,39.070062664683306
treatment,59.40474737960399
treatment,54.803622010733186
treatment,60.524899544171475
treatment,57.23914134064661
treatment,68.64140429973844
treatment,56.25224502647907
treatment,50.70594458874747
treatment,56.222975030322836
treatment,60.43298029036388
treatment,55.48860070325704
treatment,55.405916912038826
treatment,47.980083121932445
treatment,48.37099082449052
treatment,40.97394728200307
treatment,72.4957674318694
treatment,42.56136764608715
treatment,48.07094802204092
treatment,47.81592734430802
treatment,63.949243769444415
treatment,52.05050321707972
treatment,67.47742072673734
treatment,48.26509375756132
treatment,57.78994162223802
treatment,46.64652946740243
treatment,76.45149127773388
treatment,43.12401580970487
treatment,58.09820710227027
treatment,61.337768809320984
treatment,59.137990974514985
treatment,53.147123411222914
treatment,53.70179300266574
treatment,55.438114719791095
treatment,53.529979983715116
treatment,64.6387911679491
treatment,77.10523001591352
treatment,49.425082149921664
treatment,41.301970204209226
treatment,54.117179516487454
treatment,80.79709337654319
treatment,46.963254320302696
treatment,71.39116805444067
treatment,71.77700814076441
treatment,49.46411758292005
treatment,60.689830791852756
treatment,71.28396623128538
treatment,51.20872259012513
treatment,52.964196398976384
treatment,49.18319086051356
treatment,44.852432693071336
treatment,48.50722454933993
treatment,42.760597332377436
treatment,55.34083468259226
treatment,47.30026768941358
treatment,57.33785911790748
treatment,39.44104353796373
treatment,58.30880232214457
treatment,63.33528961608925
treatment,35.062643574285445
treatment,58.74056569847572
treatment,67.27668992473292
treatment,42.90358981308795
treatment,71.72572386837703
treatment,59.190190093660455
treatment,47.949881442415915
treatment,54.44230922342294
treatment,60.58326912521722
treatment,55.760053914124114
treatment,60.387559924463694
treatment,45.79326406920634
treatment,56.69360824036078
treatment,40.8628550309502
treatment,53.887739386513
treatment,45.960923585352106
treatment,47.64470057410233
treatment,67.36093175210438
treatment,65.9131012059427
treatment,61.09138120907177
treatment,44.07687235327421
treatment,51.83591550305198
treatment,67.13097699979184
treatment,56.417169136399046
treatment,78.19329539981695
treatment,58.93317839394372
treatment,56.92049116490031
treatment,51.908835357974986
treatment,56.33540904782282
treatment,53.47530163619456
treatment,62.0810867668859
treatment,64.56702316794585
treatment,47.140105394920504
treatment,41.68767046442222
treatment,36.637946268967035
treatment,60.079913269125434
treatment,43.966333938261265
treatment,33.471094070475175
treatment,58.885786045309644
treatment,79.9299951743279
treatment,54.939290884601064
treatment,63.38490774451642
treatment,55.81829358547565
treatment,54.01110346808857
treatment,64.19076482987768
treatment,52.097254558113484
treatment,57.673923140719026
treatment,58.216978061960134
treatment,48.31909546356951
treatment,64.92042349536523
treatment,53.25040243304591
treatment,47.442548405071555
treatment,60.365098435704034
treatment,46.015320182089624
treatment,55.281811573691286
treatment,54.90881003355796
treatment,65.85895565831578
treatment,59.746982328799525
treatment,54.74973041254856
treatment,63.17766299200287
treatment,68.90207549017313
treatment,60.578103063518626
treatment,55.103526198433805
treatment,41.8816376764984
treatment,44.348863369246274
treatment,51.94775295645332
treatment,48.90487797840717
treatment,53.13028697014554
treatment,55.56649924897107
treatment,60.29692754356731
treatment,54.29501221940909
treatment,59.86501643826202
treatment,55.6447441481012
treatment,35.24533433646128
treatment,45.606646061812455
treatment,53.55912444278385
treatment,42.90305257158892
treatment,60.99928729996205
treatment,70.30750832343698
treatment,67.18761851697317
treatment,52.86557129069792
treatment,69.90726136849952
treatment,56.486674572021116
treatment,51.629140288819606
treatment,48.8659733645906
treatment,51.975303135118715
treatment,51.118231814587716
treatment,56.70416222375488
treatment,56.60573981049865
treatment,55.03046020153415
treatment,59.369381697463496
treatment,66.90646274786342
treatment,64.49554135441323
treatment,40.151020315500965
treatment,29.46078865098045
treatment,64.34319911239274
treatment,41.33121301584579
treatment,52.75234598107316
treatment,43.298869739406406
treatment,36.9801956241998
treatment,60.41462728204788
treatment,62.59155160302647
treatment,49.2348959927328
treatment,29.089577078550903
treatment,49.53755551747517
treatment,58.91804005402547
treatment,40.21088431225871
treatment,56.83359919779156
treatment,54.846901508270044
treatment,60.792914996010886
treatment,56.19580368414153
treatment,45.26931059118444
treatment,66.96571501664491
treatment,53.4147042697303
treatment,54.72695460490068
treatment,45.667320409268044
treatment,50.567177488084894
treatment,46.15197285973099
treatment,53.27053940076577
treatment,72.11708480142343
treatment,41.28098857068643
treatment,38.86438602123259
treatment,69.71170327493608
treatment,52.90676322848134
treatment,48.309272613400836
treatment,65.39904687396077
treatment,48.94384460263136
treatment,73.26009713546937
treatment,61.77925871339269
treatment,50.120885918542974
treatment,76.57308213265503
treatment,48.94285076996662
treatment,62.42095372009307
treatment,57.99292580406492
treatment,68.01741289398798
treatment,70.61511196726853
treatment,55.320041490657665
treatment,47.46582129653817
treatment,59.59972142939117
treatment,48.22284630247894
treatment,75.13387247526623
treatment,56.36535331082737
treatment,51.34678448687891
treatment,56.84680305864909
treatment,41.52873710470303
treatment,45.28385961489349
treatment,67.00413907944426
treatment,48.43105721028604
treatment,44.5308901731806
treatment,60.36652752527286
treatment,66.85704154662997
treatment,62.18953310665067
treatment,64.96047685805816
treatment,47.43204911430539
treatment,40.78189333258156
treatment,70.01333651955487
treatment,51.77320161157864
treatment,52.49166983544953
treatment,68.28194141849058
treatment,60.5623000940066
treatment,59.55887772081608
treatment,76.65002344901083
treatment,48.564817696198574
treatment,64.27840128081237
treatment,55.570131248970846
treatment,57.68592278863257
treatment,70.28468426412532
treatment,60.07835756289624
treatment,60.38296079049633
treatment,65.72507337309803
treatment,51.350472704571146
treatment,46.607903326609936
treatment,44.55190805978967
treatment,35.33643410623998
treatment,75.56207129940321
treatment,43.96791634278317
treatment,52.78746376414228
treatment,52.23186700111079
treatment,58.07406697809101
treatment,63.15737212539297
treatment,63.60473488359745
treatment,49.16922561431062
treatment,53.32878286213589
treatment,57.825799504882994
treatment,52.51308873816453
treatment,71.07345576019992
treatment,59.90974951638251
treatment,62.348777860498174
treatment,61.628812686674124
treatment,66.73473857485325
treatment,56.81021558703707
treatment,42.03168052044153
treatment,58.996879517526416
treatment,48.48643106208171
treatment,49.713833182502434
treatment,60.863640187550935
treatment,67.38283071433636
treatment,55.21271576736061
treatment,58.088330125989636
treatment,72.02214944635239
treatment,57.407531794885685
treatment,81.01683114180395
treatment,60.65509645631544
treatment,37.39237240844182
treatment,62.53341621104533
treatment,58.81158384882778
treatment,67.89752754082745
treatment,61.73181351269958
treatment,53.615440160162265
treatment,42.757017637106344
treatment,52.90976742713975
treatment,46.494795457907
treatment,49.19476550195277
treatment,60.8857840442061
treatment,71.69904504351406
treatment,58.94671529822981
treatment,43.04116937964815
treatment,59.446026682201406
treatment,66.96631486645651
treatment,48.90217095680618
treatment,53.65982833327082
treatment,55.14688194729197
treatment,47.151016869177596
treatment,61.48280433843859
treatment,53.79051851392219
treatment,59.195324439070276
treatment,46.125078221978995
treatment,50.62541699676589
treatment,62.22381357827771
treatment,51.27166847908233
treatment,72.26963851233405
treatment,51.003638143853976
treatment,57.24684725751886
treatment,64.3259083187309
treatment,40.816342670669684
treatment,37.39191188019224
treatment,39.74343685429905
treatment,67.62584103427182
treatment,49.481418541075534
treatment,80.58199285668252
treatment,49.357524013426115
treatment,56.84551303197037
treatment,70.42109952567876
treatment,75.06092888159122
treatment,75.61503576636397
treatment,67.08366230593143
treatment,65.24062525811462
treatment,60.92526949201183
treatment,62.78361076166638
treatment,49.488142836714665
treatment,46.81801116577693
treatment,54.96625542589048
treatment,53.298153774750716
treatment,50.46771950672725
treatment,61.963874474567156
treatment,64.5530520857051
treatment,55.884068862918475
treatment,69.77530081055262
treatment,43.58310885866495
treatment,53.06340540720282
treatment,47.831776793971954
treatment,36.3346338292694
treatment,54.17319314157301
treatment,53.78252491616716
treatment,70.13449743242131
treatment,61.30811684554777
treatment,44.758131756707954
treatment,73.54092566334188
treatment,67.21033695525352
treatment,60.82097703468616
treatment,52.73515901150168
treatment,45.405607632765204
treatment,51.27793223928947
treatment,65.88748619704185
treatment,73.84586305934609
treatment,70.43243528272188
treatment,50.11150578213726
treatment,43.80382566710989
treatment,56.40886246911204
treatment,37.31560634437149
treatment,58.23167714184781
treatment,53.52397413701331
treatment,50.33963498131758
treatment,39.05296932733204
treatment,60.136001065697165
treatment,49.672991603380886
treatment,43.30083164289712
treatment,26.277377867183507
treatment,54.724850949493636
treatment,72.72251596669744
treatment,71.6125921454787
treatment,50.429037434137285
treatment,48.97787939638219
treatment,59.68774256075024
treatment,45.016145608117085
treatment,58.01791899819466
treatment,62.660802783846904
treatment,67.26933223884308
treatment,53.99845923520047
treatment,52.96326249823034
treatment,46.22017413243439
treatment,46.7311964596014
treatment,52.73521108098473
treatment,58.67365506816178
treatment,64.13584626233249
treatment,46.96821049319655
treatment,69.92688568959522
treatment,52.28876398957431
treatment,54.78632705651564
treatment,47.527883208521764
treatment,30.757597397270583
treatment,63.8404539636105
treatment,62.36843897092433
treatment,52.18672442881787
treatment,55.66990717224872
treatment,60.15939217704099
treatment,39.374541431134574
treatment,49.70947322653705
treatment,62.94264679621827
treatment,42.45710576830751
treatment,57.935579321666296
treatment,41.43418195376595
treatment,59.66429982433527
treatment,54.643585177025166
treatment,38.848681840944906
treatment,66.64739354457171
treatment,47.65408423201951
treatment,46.89747562985619
treatment,57.00569197230943
treatment,66.48637349428715
treatment,44.841781810216034
treatment,55.61679849847972
treatment,59.28816500330573
treatment,61.93105607263144
treatment,56.76441555277225
treatment,51.329721609166775
treatment,46.724097793512804
treatment,55.86143883046375
treatment,44.27860988014393
treatment,25.78649516505393
treatment,59.365598041576675
treatment,64.03934841086195
treatment,31.370675644581617
treatment,44.90269295290062
treatment,61.191542610051975
treatment,75.574954697117
treatment,55.20793707675408
treatment,47.71997058770866
treatment,53.1710355889516
treatment,68.74876419148185
treatment,48.54035820875465
treatment,47.00807993349746
treatment,50.17256477817968
treatment,45.466713917412875
treatment,56.22670315994795
treatment,71.2467845846956
treatment,58.23079273116029
treatment,52.47646497873713
treatment,52.08188731084456
treatment,39.36809191303343
treatment,63.83109777147159
treatment,54.22162802987198
treatment,53.19520086409374
treatment,86.93107567844861
treatment,57.98752908365686
treatment,47.48208949904816
treatment,50.736424037944566
treatment,66.48445709196756
treatment,56.13270410537764
treatment,40.61722021682633
treatment,64.19228934575203
treatment,48.31855914461006
treatment,73.73297776217545
treatment,65.80048065714648
treatment,50.52678104341249
treatment,67.81016361735112
treatment,55.678555105274036
treatment,63.52773675122219
treatment,59.84732817294475
treatment,46.536433450091266
treatment,48.56450167682538
treatment,65.29960817581161
treatment,51.65224667893459
treatment,50.96351536758003
treatment,45.44877420650647
treatment,59.235990655934614
treatment,75.62524919243145
treatment,44.32467085745727
treatment,55.24219456672758
treatment,69.12220555415429
treatment,54.203586087542845
treatment,59.52371796249734
treatment,44.376064718531204
treatment,59.28307097207649
treatment,53.12855734995451
treatment,64.85729995679863
treatment,66.87386051564751
treatment,80.89563642018614
treatment,60.796331732135755
treatment,58.257963165821664
treatment,56.94384301577336
treatment,51.46833707189312
treatment,58.38483843461691
treatment,52.04598589860971
treatment,56.68460976269614
treatment,68.17597535607959
treatment,44.934574347203586
treatment,66.39878561129045
treatment,68.17115067339866
treatment,53.81931473008921
treatment,33.78145100991405
treatment,48.921780129055676
treatment,67.96994546561109
treatment,54.77131937701118
treatment,45.00697767705089
treatment,49.95225078771782
treatment,63.40620026504553
treatment,60.4673356820138
treatment,52.61067900830306
treatment,51.33175588185313
treatment,51.08241850956178
treatment,45.77589815501497
treatment,71.15375689469442
treatment,51.7767953078866
treatment,67.17158520825497
treatment,70.21316051922452
treatment,64.9831089814796
treatment,50.683796872819514
treatment,59.037300903366095
treatment,54.758043936090836
treatment,45.96298139269872
treatment,58.24359281721603
treatment,43.20960208840198
treatment,66.87679388461564
treatment,50.35382702701607
treatment,57.01159655872839
treatment,57.83287871546142
treatment,52.410950262959226
treatment,60.86693801475275
treatment,50.25096343377476
treatment,63.71297297457244
treatment,41.54020319753251
treatment,56.26379579546412
treatment,74.38928999058285
treatment,44.99668675394425
treatment,48.222550294751485
treatment,60.13907849658915
treatment,56.79581781939598
treatment,58.50630099273559
treatment,59.891871301476634
treatment,61.3472146856177
treatment,66.09699841956223
treatment,59.098186569285126
treatment,52.58742345381457
treatment,61.72573701202731
treatment,73.99881934895215
treatment,53.67366253617426
treatment,45.254706953293585
treatment,66.07080669286972
treatment,53.796188360464015
treatment,33.27330453985964
treatment,63.47421677150422
treatment,49.64671814046077
treatment,54.094667176958396
treatment,58.319803305690144
treatment,56.904996797790666
treatment,62.0945181713904
treatment,50.645136294301565
treatment,60.131057981760826
treatment,52.40453322416083
treatment,62.38810480887503
treatment,61.153674840130535
treatment,45.645612979554045
treatment,65.85982116175032
treatment,49.64036554885952
treatment,63.08057798281145
treatment,58.67287313401341
treatment,73.38183676795123
treatment,52.76534017628148
treatment,51.506832038818025
treatment,54.805803941122676
treatment,51.968202171657246
treatment,62.9994190194205
treatment,38.83689391563412
treatment,44.46317580853646
treatment,44.32197078420807
treatment,64.50307591973575
treatment,72.10613372581925
treatment,53.955507814625285
treatment,53.311782768099896
treatment,55.700521631131814
treatment,66.6187830260819
treatment,45.72646865809426
treatment,57.38368982734785
treatment,64.7519762978243
treatment,60.01094169939845
treatment,56.89581616598743
treatment,65.01046092567141
treatment,27.96767707000763
treatment,61.77875319530908
treatment,48.45924316872576
treatment,36.69367103143543
treatment,60.11202599524981
treatment,68.73658545162958
treatment,53.62551485372308
treatment,64.52874547202939
treatment,71.12278257988646
treatment,68.14914453584048
treatment,71.39964529371393
treatment,62.42127491071892
treatment,55.754336389015926
treatment,38.980341881028316
treatment,52.53937511870051
treatment,46.567534046838084
treatment,76.70942717497815
treatment,53.24114187567663
treatment,56.23204806784486
treatment,60.51485376040468
treatment,55.436024463724536
treatment,71.95051040430752
treatment,48.77350638265548
treatment,56.94607455237243
treatment,47.57529414301952
treatment,41.79977488779294
treatment,48.882309090947146
treatment,54.62963202951588
treatment,50.7069777548274
treatment,48.07579020126144
treatment,40.93682536328166
treatment,54.16894427371305
treatment,39.952796259689975
treatment,62.60055963689602
treatment,55.824397529345035
treatment,40.4244850053507
treatment,51.907909229501364
treatment,47.478435944094166
treatment,58.1917451041918
treatment,68.40450446023145
treatment,36.248275303542556
treatment,56.150260791474174
treatment,53.398672044333594
treatment,61.713400764504655
treatment,57.131966282376894
treatment,47.48030668261181
treatment,51.80946064333382
treatment,47.03974143196511
treatment,65.76007138598598
treatment,55.21311648671942
treatment,74.01190685753008
treatment,54.39339186185379
treatment,47.91593233089537
treatment,39.862856073871725
treatment,36.96860323744055
treatment,39.158640569945106
treatment,57.67126651011483
treatment,60.08725023229934
treatment,39.188092979678665
treatment,63.950383140761154
treatment,50.1693894831656
treatment,56.467930119855495
treatment,71.12220628255425
treatment,63.96839315865532
treatment,52.314693520941674
treatment,46.08807774584713
treatment,33.48184598670695
treatment,47.8084668075758
treatment,52.88869761172305
treatment,45.12820472848816
treatment,53.68743032907695
treatment,55.768518829587684
treatment,52.751440181919214
treatment,48.4999741917654
treatment,56.68654671966728
treatment,59.41940649569409
treatment,44.096009225571535
treatment,69.10932379746271
treatment,54.014118677157384
treatment,55.188496229448475
treatment,62.08214423256557
treatment,57.332161312635016
treatment,64.53136633913245
treatment,57.87124165201824
treatment,48.87562625359562
treatment,58.61503525206102
treatment,43.56273792679338
treatment,56.085597057765234
treatment,54.66770009355539
treatment,52.918831427274604
treatment,53.71462488561069
treatment,36.18150954502361
treatment,49.512750922590385
treatment,55.928449011411146
treatment,56.598563919974005
treatment,44.72324859074042
treatment,67.65707840864701
treatment,46.33825151785499
treatment,64.69457200526736
treatment,59.27194361871685
treatment,48.53772690156197
treatment,72.75310892609512
treatment,43.0636316824352
treatment,64.19154173610002
treatment,65.00582318042979
treatment,48.293797909233554
treatment,68.92465300064329
treatment,52.49953485401047
treatment,57.88693629279857
treatment,57.603218387712204
treatment,53.65691258529452
treatment,63.10808273159782
treatment,62.93488720552213
treatment,37.51468026761819
treatment,68.04340242878152
treatment,38.37508011964326
treatment,65.32546204341658
treatment,66.26705136827583
treatment,44.09033569784802
treatment,50.891857120454155
treatment,43.94295331514064
treatment,52.850789697112646
treatment,51.919657158142584
treatment,62.796605322693395
treatment,68.10308746119608
treatment,68.95683810789956
treatment,49.37831973421698
treatment,52.90778126255472
treatment,38.1656180777905
treatment,46.94129933503811
treatment,64.64851633097457
treatment,71.15582823548232
treatment,42.65651128120078
treatment,49.075357408471056
treatment,54.73594243041073
treatment,57.80161158819607
treatment,46.90396480078354
treatment,59.24061044464089
treatment,50.26160652929084
treatment,54.855477291217206
treatment,60.462842480037
treatment,55.064222698109376
treatment,50.63614109473431
treatment,53.90390196074169
treatment,54.11637040794665
treatment,51.29988970117872
treatment,52.41203937332897
treatment,70.98647170504717
treatment,60.60919447941239
treatment,52.045196819708394
treatment,61.969544045107355
treatment,51.6618051024399
treatment,66.73124637586642
treatment,58.69642192198094
treatment,53.92697855995771
treatment,59.477169258102776
treatment,39.291238479315005
treatment,43.73232531090195
treatment,43.060749936009444
treatment,56.429430947637066
treatment,72.32514999485092
treatment,77.31300146192632
treatment,61.380511014407574
treatment,60.00844474944457
treatment,36.989422658472606
treatment,49.57326200265978
treatment,47.12216248091761
treatment,48.79152401748884
treatment,53.318561814152105
treatment,50.27909422302873
treatment,35.20700189624212
treatment,62.47910256117534
treatment,44.27256974260193
treatment,57.39246864111149
treatment,75.74082669749973
treatment,45.80615408413577
treatment,29.697124772536704
treatment,52.139957781198895
treatment,66.00959634998571
treatment,74.58347454220593
treatment,42.70450405547583
treatment,59.966992232365214
treatment,50.34689543219947
treatment,53.94051645695864
treatment,81.44343347017035
treatment,39.970296716048466
treatment,57.537396614945735
treatment,59.676931717654334
treatment,65.85786324939347
treatment,55.97983153470896
treatment,58.08050539504102
treatment,51.08351432578209
treatment,57.69126941245107
treatment,51.5680772450259
treatment,61.21571889856051
treatment,51.30389663956366
treatment,58.77100393902187
treatment,54.707371863150215
treatment,66.26050250772168
treatment,54.48606276411514
treatment,37.26967531793119
treatment,67.61921500713991
treatment,45.94267699137381
treatment,48.4623366135118
treatment,49.04338705956508
treatment,68.74438093170818
treatment,33.64325786021304
treatment,86.37748533659993
treatment,65.56056809066052
treatment,57.2323891412916
treatment,54.451059993837134
treatment,57.85554074857657
treatment,60.211224283793385
treatment,61.45215585950057
treatment,60.55604466003449
treatment,55.895806812552486
treatment,53.02661579692674
treatment,53.487267163464885
treatment,53.05091719647319
treatment,66.33770096867065
treatment,60.935567222808615
treatment,25.596113653357197
treatment,61.55900776529761
treatment,56.94736194718775
treatment,54.81291243554102
treatment,51.11481546911114
treatment,66.24112719986013
treatment,64.47526462122858
treatment,47.27122332176391
treatment,59.07052287124535
treatment,45.28343265458714
treatment,41.203818352110694
treatment,48.73282775410035
treatment,63.62393472382759
treatment,64.53125045376086
treatment,60.130854200972934
treatment,62.25095786847997
treatment,60.16178287114958
treatment,48.585184047770476
treatment,59.31922544673941
treatment,63.00409525227683
treatment,62.542913298135744
treatment,66.88913371474644
treatment,62.083038472010635
treatment,58.51448207541583
treatment,65.70150238316427
treatment,54.7347874075094
treatment,46.18125348772282
treatment,53.36933036056236
treatment,47.55097355193551
